{
    "cpu_pcnt": [
        0.0,
        0.0,
        0.0,
        0.0,
        0.0,
        0.0
    ],
    "duration": 6.778781,
    "max_memory_MB": 1.828125,
    "memory_MB": [
        1.828125,
        1.828125,
        1.828125,
        1.828125,
        1.828125,
        1.828125
    ],
    "time": [
        1.001757,
        2.009618,
        3.017439,
        4.025305,
        5.033196,
        6.041009
    ]
}