{
    "cpu_pcnt": [
        0.0,
        0.0,
        0.0,
        0.0,
        0.0
    ],
    "duration": 5.067503,
    "max_memory_MB": 1.828125,
    "memory_MB": [
        1.828125,
        1.828125,
        1.828125,
        1.828125,
        1.828125
    ],
    "time": [
        1.009171,
        2.017082,
        3.021043,
        4.027678,
        5.035466
    ]
}