{
    "cpu_pcnt": [
        0.0,
        0.0,
        0.0,
        0.0
    ],
    "duration": 4.140349,
    "max_memory_MB": 1.84375,
    "memory_MB": [
        1.84375,
        1.84375,
        1.84375,
        1.84375
    ],
    "time": [
        1.009055,
        2.01698,
        3.024863,
        4.032703
    ]
}