{
    "cpu_pcnt": [
        0.0,
        0.0,
        0.0
    ],
    "duration": 3.12861,
    "max_memory_MB": 2.015625,
    "memory_MB": [
        2.015625,
        2.015625,
        2.015625
    ],
    "time": [
        1.009066,
        2.013111,
        3.020941
    ]
}