{
    "cpu_pcnt": [
        0.0,
        0.0
    ],
    "duration": 2.889992,
    "max_memory_MB": 1.84375,
    "memory_MB": [
        1.84375,
        1.84375
    ],
    "time": [
        1.009136,
        2.017081
    ]
}