{
    "cpu_pcnt": [
        0.0,
        0.0
    ],
    "duration": 2.805185,
    "max_memory_MB": 1.828125,
    "memory_MB": [
        1.828125,
        1.828125
    ],
    "time": [
        1.020114,
        2.0445
    ]
}