{
    "cpu_pcnt": [
        0.0,
        0.0,
        0.0,
        0.0
    ],
    "duration": 4.590411,
    "max_memory_MB": 1.828125,
    "memory_MB": [
        1.828125,
        1.828125,
        1.828125,
        1.828125
    ],
    "time": [
        1.009376,
        2.016436,
        3.024527,
        4.032525
    ]
}