{
    "cpu_pcnt": [
        0.0,
        0.0,
        0.0,
        0.0,
        0.0,
        0.0,
        0.0,
        0.0,
        0.0
    ],
    "duration": 9.635299,
    "max_memory_MB": 1.828125,
    "memory_MB": [
        1.828125,
        1.828125,
        1.828125,
        1.828125,
        1.828125,
        1.828125,
        1.828125,
        1.828125,
        1.828125
    ],
    "time": [
        1.027697,
        2.048654,
        3.073884,
        4.09945,
        5.124085,
        6.149791,
        7.171396,
        8.195848,
        9.222214
    ]
}