{
    "cpu_pcnt": [
        0.0,
        0.0,
        0.0,
        0.0,
        0.0,
        0.0,
        0.0
    ],
    "duration": 7.209499,
    "max_memory_MB": 1.84375,
    "memory_MB": [
        1.84375,
        1.84375,
        1.84375,
        1.84375,
        1.84375,
        1.84375,
        1.84375
    ],
    "time": [
        1.009197,
        2.017083,
        3.025049,
        4.03298,
        5.040897,
        6.048829,
        7.056772
    ]
}