{
    "cpu_pcnt": [
        0.0,
        0.0,
        0.0,
        0.0,
        0.0
    ],
    "duration": 10.394595,
    "max_memory_MB": 1.84375,
    "memory_MB": [
        1.84375,
        1.84375,
        1.84375,
        1.84375,
        1.84375
    ],
    "time": [
        2.01711,
        4.028179,
        6.040811,
        8.056717,
        10.106794
    ]
}