{
    "cpu_pcnt": [
        0.0,
        0.0,
        0.0,
        0.0,
        0.0
    ],
    "duration": 5.733346,
    "max_memory_MB": 1.84375,
    "memory_MB": [
        1.84375,
        1.84375,
        1.84375,
        1.84375,
        1.84375
    ],
    "time": [
        1.008981,
        2.016889,
        3.024749,
        4.032602,
        5.040487
    ]
}