{
    "cpu_pcnt": [
        0.0,
        0.0,
        0.0,
        0.0,
        0.0,
        0.0,
        0.0,
        0.0,
        0.0,
        0.0
    ],
    "duration": 188.848472,
    "max_memory_MB": 1.71875,
    "memory_MB": [
        1.71875,
        1.71875,
        1.71875,
        1.71875,
        1.71875,
        1.71875,
        1.71875,
        1.71875,
        1.71875,
        1.71875
    ],
    "time": [
        16.203606,
        32.411881,
        48.491621,
        68.568443,
        84.618503,
        100.674618,
        124.744823,
        140.782679,
        156.812927,
        172.852031
    ]
}