{
    "cpu_pcnt": [
        0.0,
        0.0,
        0.0,
        0.0,
        0.0
    ],
    "duration": 5.730633,
    "max_memory_MB": 1.828125,
    "memory_MB": [
        1.828125,
        1.828125,
        1.828125,
        1.828125,
        1.828125
    ],
    "time": [
        1.008968,
        2.01448,
        3.022294,
        4.030086,
        5.03788
    ]
}