{
    "cpu_pcnt": [
        0.0,
        0.0,
        0.0,
        0.0
    ],
    "duration": 4.291255,
    "max_memory_MB": 1.828125,
    "memory_MB": [
        1.828125,
        1.828125,
        1.828125,
        1.828125
    ],
    "time": [
        1.029092,
        2.0519,
        3.073772,
        4.096724
    ]
}