{
    "cpu_pcnt": [
        0.0,
        0.0,
        0.0,
        0.0,
        0.0,
        0.0,
        0.0,
        0.0
    ],
    "duration": 9.060199,
    "max_memory_MB": 1.828125,
    "memory_MB": [
        1.828125,
        1.828125,
        1.828125,
        1.828125,
        1.828125,
        1.828125,
        1.828125,
        1.828125
    ],
    "time": [
        1.024786,
        2.04974,
        3.085984,
        4.109982,
        5.132427,
        6.157225,
        7.181971,
        8.210889
    ]
}