{
    "cpu_pcnt": [
        0.0,
        0.0,
        0.0,
        0.0,
        0.0,
        0.0
    ],
    "duration": 6.691378,
    "max_memory_MB": 1.84375,
    "memory_MB": [
        1.84375,
        1.84375,
        1.84375,
        1.84375,
        1.84375,
        1.84375
    ],
    "time": [
        1.009109,
        2.016988,
        3.024818,
        4.032625,
        5.04045,
        6.043603
    ]
}