{
    "cpu_pcnt": [
        0.0,
        0.0,
        0.0,
        0.0,
        0.0,
        0.0,
        0.0,
        0.0,
        0.0
    ],
    "duration": 9.309329,
    "max_memory_MB": 2.015625,
    "memory_MB": [
        2.015625,
        2.015625,
        2.015625,
        2.015625,
        2.015625,
        2.015625,
        2.015625,
        2.015625,
        2.015625
    ],
    "time": [
        1.009866,
        2.015626,
        3.023723,
        4.065765,
        5.071423,
        6.079261,
        7.113699,
        8.155806,
        9.15661
    ]
}