{
    "cpu_pcnt": [
        0.0,
        0.0,
        0.0,
        0.0,
        0.0
    ],
    "duration": 10.208937,
    "max_memory_MB": 1.828125,
    "memory_MB": [
        1.828125,
        1.828125,
        1.828125,
        1.828125,
        1.828125
    ],
    "time": [
        2.009611,
        4.018538,
        6.03384,
        8.046724,
        10.060948
    ]
}