{
    "cpu_pcnt": [
        0.0,
        0.0,
        0.0
    ],
    "duration": 3.125224,
    "max_memory_MB": 1.828125,
    "memory_MB": [
        1.828125,
        1.828125,
        1.828125
    ],
    "time": [
        1.00911,
        2.013278,
        3.017574
    ]
}