{
    "cpu_pcnt": [
        0.0,
        0.0
    ],
    "duration": 2.979962,
    "max_memory_MB": 1.828125,
    "memory_MB": [
        1.828125,
        1.828125
    ],
    "time": [
        1.009172,
        2.017084
    ]
}