{
    "cpu_pcnt": [
        0.0,
        0.0,
        0.0
    ],
    "duration": 3.131025,
    "max_memory_MB": 1.84375,
    "memory_MB": [
        1.84375,
        1.84375,
        1.84375
    ],
    "time": [
        1.009088,
        2.015357,
        3.023346
    ]
}