{
    "cpu_pcnt": [
        0.0,
        0.0,
        0.0,
        0.0
    ],
    "duration": 4.503624,
    "max_memory_MB": 1.828125,
    "memory_MB": [
        1.828125,
        1.828125,
        1.828125,
        1.828125
    ],
    "time": [
        1.021716,
        2.046833,
        3.065321,
        4.090756
    ]
}