{
    "cpu_pcnt": [
        0.0,
        0.0,
        0.0
    ],
    "duration": 3.093681,
    "max_memory_MB": 1.828125,
    "memory_MB": [
        1.828125,
        1.828125,
        1.828125
    ],
    "time": [
        1.028093,
        2.051402,
        3.077656
    ]
}