{
    "cpu_pcnt": [
        0.0,
        0.0,
        0.0,
        0.0
    ],
    "duration": 4.621055,
    "max_memory_MB": 1.84375,
    "memory_MB": [
        1.84375,
        1.84375,
        1.84375,
        1.84375
    ],
    "time": [
        1.00672,
        2.008163,
        3.016214,
        4.018068
    ]
}