{
    "cpu_pcnt": [
        0.0,
        0.0,
        0.0,
        0.0,
        0.0,
        0.0,
        0.0,
        0.0,
        0.0
    ],
    "duration": 9.40315,
    "max_memory_MB": 1.828125,
    "memory_MB": [
        1.828125,
        1.828125,
        1.828125,
        1.828125,
        1.828125,
        1.828125,
        1.828125,
        1.828125,
        1.828125
    ],
    "time": [
        1.009299,
        2.017266,
        3.025298,
        4.033248,
        5.040183,
        6.048033,
        7.055945,
        8.062322,
        9.07038
    ]
}