{
    "cpu_pcnt": [
        0.0,
        0.0,
        0.0
    ],
    "duration": 3.053954,
    "max_memory_MB": 1.84375,
    "memory_MB": [
        1.84375,
        1.84375,
        1.84375
    ],
    "time": [
        1.006115,
        2.014059,
        3.021932
    ]
}