{
    "cpu_pcnt": [
        0.0,
        0.0
    ],
    "duration": 2.983964,
    "max_memory_MB": 1.828125,
    "memory_MB": [
        1.828125,
        1.828125
    ],
    "time": [
        1.023725,
        2.048407
    ]
}