{
    "cpu_pcnt": [
        0.0
    ],
    "duration": 2.009007,
    "max_memory_MB": 1.828125,
    "memory_MB": [
        1.828125
    ],
    "time": [
        1.027062
    ]
}