{
    "cpu_pcnt": [
        0.0,
        0.0
    ],
    "duration": 2.79735,
    "max_memory_MB": 1.84375,
    "memory_MB": [
        1.84375,
        1.84375
    ],
    "time": [
        1.009741,
        2.01528
    ]
}