{
    "cpu_pcnt": [
        0.0,
        0.0
    ],
    "duration": 2.900833,
    "max_memory_MB": 1.828125,
    "memory_MB": [
        1.828125,
        1.828125
    ],
    "time": [
        1.026353,
        2.050412
    ]
}