{
    "cpu_pcnt": [
        0.0,
        0.0
    ],
    "duration": 2.679592,
    "max_memory_MB": 1.828125,
    "memory_MB": [
        1.828125,
        1.828125
    ],
    "time": [
        1.028289,
        2.053393
    ]
}